[
    {"id": 1, "statement": "Sample 1 statement", "table": [["A", "B"], ["C", "D"]], "explanation": "Explanation 1"},
    {"id": 2, "statement": "Sample 2 statement", "table": [["E", "F"], ["G", "H"]], "explanation": "Explanation 2"},
    {"id": 3, "statement": "Sample 3 statement", "table": [["I", "J"], ["K", "L"]], "explanation": "Explanation 3"},
    {"id": 4, "statement": "Sample 4 statement", "table": [["M", "N"], ["O", "P"]], "explanation": "Explanation 4"},
    {"id": 5, "statement": "Sample 5 statement", "table": [["Q", "R"], ["S", "T"]], "explanation": "Explanation 5"},
    {"id": 6, "statement": "Sample 6 statement", "table": [["U", "V"], ["W", "X"]], "explanation": "Explanation 6"},
    {"id": 7, "statement": "Sample 7 statement", "table": [["Y", "Z"], ["A1", "B1"]], "explanation": "Explanation 7"},
    {"id": 8, "statement": "Sample 8 statement", "table": [["C1", "D1"], ["E1", "F1"]], "explanation": "Explanation 8"},
    {"id": 9, "statement": "Sample 9 statement", "table": [["G1", "H1"], ["I1", "J1"]], "explanation": "Explanation 9"},
    {"id": 10, "statement": "Sample 10 statement", "table": [["K1", "L1"], ["M1", "N1"]], "explanation": "Explanation 10"},
    {"id": 11, "statement": "Sample 11 statement", "table": [["O1", "P1"], ["Q1", "R1"]], "explanation": "Explanation 11"},
    {"id": 12, "statement": "Sample 12 statement", "table": [["S1", "T1"], ["U1", "V1"]], "explanation": "Explanation 12"}
]
