{
    "0": {
        "Username": "123",
        "Seed": "12412",
        "Sample ID": "POS_test-0.html",
        "Task": "Please make a decision to Accept/Reject the AI prediction based on the explanation.",
        "User Feedback": "TRUE"
    },
    "1": {
        "Username": "123",
        "Seed": "12412",
        "Sample ID": "POS_test-1.html",
        "Task": "Please make a decision to Accept/Reject the AI prediction based on the explanation.",
        "User Feedback": "TRUE"
    },
    "2": {
        "Username": "123",
        "Seed": "12412",
        "Sample ID": "POS_test-2.html",
        "Task": "Please make a decision to Accept/Reject the AI prediction based on the explanation.",
        "User Feedback": "TRUE"
    },
    "3": {
        "Username": "123",
        "Seed": "12412",
        "Sample ID": "POS_test-3.html",
        "Task": "Please make a decision to Accept/Reject the AI prediction based on the explanation.",
        "User Feedback": "TRUE"
    },
    "4": {
        "Username": "123",
        "Seed": "12412",
        "Sample ID": "POS_test-4.html",
        "Task": "Please make a decision to Accept/Reject the AI prediction based on the explanation.",
        "User Feedback": "TRUE"
    },
    "5": {
        "Username": "123",
        "Seed": "12412",
        "Sample ID": "POS_test-5.html",
        "Task": "Please make a decision to Accept/Reject the AI prediction based on the explanation.",
        "User Feedback": "TRUE"
    },
    "6": {
        "Username": "123",
        "Seed": "12412",
        "Sample ID": "POS_test-6.html",
        "Task": "Please make a decision to Accept/Reject the AI prediction based on the explanation.",
        "User Feedback": "TRUE"
    },
    "7": {
        "Username": "123",
        "Seed": "12412",
        "Sample ID": "POS_test-7.html",
        "Task": "Please make a decision to Accept/Reject the AI prediction based on the explanation.",
        "User Feedback": "TRUE"
    },
    "8": {
        "Username": "123",
        "Seed": "12412",
        "Sample ID": "POS_test-8.html",
        "Task": "Please make a decision to Accept/Reject the AI prediction based on the explanation.",
        "User Feedback": "TRUE"
    },
    "9": {
        "Username": "123",
        "Seed": "12412",
        "Sample ID": "POS_test-9.html",
        "Task": "Please make a decision to Accept/Reject the AI prediction based on the explanation.",
        "User Feedback": "TRUE"
    }
}