{
    "0": {
        "Username": "124",
        "Seed": "124124",
        "Sample ID": "9",
        "Statement": "Sample 9 statement",
        "Explanation": "Explanation 9",
        "User Feedback": "accept",
        "Ground Truth": "N/A",
        "Table": [
            [
                "G1",
                "H1"
            ],
            [
                "I1",
                "J1"
            ]
        ]
    },
    "1": {
        "Username": "124",
        "Seed": "124124",
        "Sample ID": "4",
        "Statement": "Sample 4 statement",
        "Explanation": "Explanation 4",
        "User Feedback": "reject",
        "Ground Truth": "N/A",
        "Table": [
            [
                "M",
                "N"
            ],
            [
                "O",
                "P"
            ]
        ]
    },
    "2": {
        "Username": "124",
        "Seed": "124124",
        "Sample ID": "6",
        "Statement": "Sample 6 statement",
        "Explanation": "Explanation 6",
        "User Feedback": "accept",
        "Ground Truth": "N/A",
        "Table": [
            [
                "U",
                "V"
            ],
            [
                "W",
                "X"
            ]
        ]
    },
    "3": {
        "Username": "124",
        "Seed": "124124",
        "Sample ID": "12",
        "Statement": "Sample 12 statement",
        "Explanation": "Explanation 12",
        "User Feedback": "reject",
        "Ground Truth": "N/A",
        "Table": [
            [
                "S1",
                "T1"
            ],
            [
                "U1",
                "V1"
            ]
        ]
    },
    "4": {
        "Username": "124",
        "Seed": "124124",
        "Sample ID": "1",
        "Statement": "Sample 1 statement",
        "Explanation": "Explanation 1",
        "User Feedback": "accept",
        "Ground Truth": "N/A",
        "Table": [
            [
                "A",
                "B"
            ],
            [
                "C",
                "D"
            ]
        ]
    },
    "5": {
        "Username": "124",
        "Seed": "124124",
        "Sample ID": "5",
        "Statement": "Sample 5 statement",
        "Explanation": "Explanation 5",
        "User Feedback": "reject",
        "Ground Truth": "N/A",
        "Table": [
            [
                "Q",
                "R"
            ],
            [
                "S",
                "T"
            ]
        ]
    },
    "6": {
        "Username": "124",
        "Seed": "124124",
        "Sample ID": "7",
        "Statement": "Sample 7 statement",
        "Explanation": "Explanation 7",
        "User Feedback": "accept",
        "Ground Truth": "N/A",
        "Table": [
            [
                "Y",
                "Z"
            ],
            [
                "A1",
                "B1"
            ]
        ]
    },
    "7": {
        "Username": "124",
        "Seed": "124124",
        "Sample ID": "10",
        "Statement": "Sample 10 statement",
        "Explanation": "Explanation 10",
        "User Feedback": "reject",
        "Ground Truth": "N/A",
        "Table": [
            [
                "K1",
                "L1"
            ],
            [
                "M1",
                "N1"
            ]
        ]
    },
    "8": {
        "Username": "124",
        "Seed": "124124",
        "Sample ID": "2",
        "Statement": "Sample 2 statement",
        "Explanation": "Explanation 2",
        "User Feedback": "accept",
        "Ground Truth": "N/A",
        "Table": [
            [
                "E",
                "F"
            ],
            [
                "G",
                "H"
            ]
        ]
    },
    "9": {
        "Username": "124",
        "Seed": "124124",
        "Sample ID": "3",
        "Statement": "Sample 3 statement",
        "Explanation": "Explanation 3",
        "User Feedback": "accept",
        "Ground Truth": "N/A",
        "Table": [
            [
                "I",
                "J"
            ],
            [
                "K",
                "L"
            ]
        ]
    }
}