{
    "0": {
        "Username": "12",
        "Seed": "12",
        "Sample ID": "0",
        "Statement": "This is a placeholder statement for visualization: 0",
        "User Feedback": "accept"
    },
    "1": {
        "Username": "12",
        "Seed": "12",
        "Sample ID": "1",
        "Statement": "This is a placeholder statement for visualization: 1",
        "User Feedback": "accept"
    },
    "2": {
        "Username": "12",
        "Seed": "12",
        "Sample ID": "2",
        "Statement": "This is a placeholder statement for visualization: 2",
        "User Feedback": "accept"
    },
    "3": {
        "Username": "12",
        "Seed": "12",
        "Sample ID": "3",
        "Statement": "This is a placeholder statement for visualization: 3",
        "User Feedback": "reject"
    },
    "4": {
        "Username": "12",
        "Seed": "12",
        "Sample ID": "4",
        "Statement": "This is a placeholder statement for visualization: 4",
        "User Feedback": "reject"
    },
    "5": {
        "Username": "12",
        "Seed": "12",
        "Sample ID": "5",
        "Statement": "This is a placeholder statement for visualization: 5",
        "User Feedback": "accept"
    },
    "6": {
        "Username": "12",
        "Seed": "12",
        "Sample ID": "6",
        "Statement": "This is a placeholder statement for visualization: 6",
        "User Feedback": "reject"
    },
    "7": {
        "Username": "12",
        "Seed": "12",
        "Sample ID": "7",
        "Statement": "This is a placeholder statement for visualization: 7",
        "User Feedback": "reject"
    },
    "8": {
        "Username": "12",
        "Seed": "12",
        "Sample ID": "8",
        "Statement": "This is a placeholder statement for visualization: 8",
        "User Feedback": "reject"
    },
    "9": {
        "Username": "12",
        "Seed": "12",
        "Sample ID": "9",
        "Statement": "This is a placeholder statement for visualization: 9",
        "User Feedback": "reject"
    }
}