{
    "0": {
        "Username": "vzn0025@auburn.edu",
        "Seed": "123",
        "Sample ID": "0",
        "Task": "Please make a decision to Accept/Reject the AI prediction based on the explanation.",
        "User Feedback": "TRUE"
    },
    "1": {
        "Username": "vzn0025@auburn.edu",
        "Seed": "123",
        "Sample ID": "1",
        "Task": "Please make a decision to Accept/Reject the AI prediction based on the explanation.",
        "User Feedback": "TRUE"
    },
    "2": {
        "Username": "vzn0025@auburn.edu",
        "Seed": "123",
        "Sample ID": "2",
        "Task": "Please make a decision to Accept/Reject the AI prediction based on the explanation.",
        "User Feedback": "TRUE"
    },
    "3": {
        "Username": "vzn0025@auburn.edu",
        "Seed": "123",
        "Sample ID": "3",
        "Task": "Please make a decision to Accept/Reject the AI prediction based on the explanation.",
        "User Feedback": "TRUE"
    },
    "4": {
        "Username": "vzn0025@auburn.edu",
        "Seed": "123",
        "Sample ID": "4",
        "Task": "Please make a decision to Accept/Reject the AI prediction based on the explanation.",
        "User Feedback": "TRUE"
    },
    "5": {
        "Username": "vzn0025@auburn.edu",
        "Seed": "123",
        "Sample ID": "5",
        "Task": "Please make a decision to Accept/Reject the AI prediction based on the explanation.",
        "User Feedback": "TRUE"
    },
    "6": {
        "Username": "vzn0025@auburn.edu",
        "Seed": "123",
        "Sample ID": "6",
        "Task": "Please make a decision to Accept/Reject the AI prediction based on the explanation.",
        "User Feedback": "TRUE"
    },
    "7": {
        "Username": "vzn0025@auburn.edu",
        "Seed": "123",
        "Sample ID": "7",
        "Task": "Please make a decision to Accept/Reject the AI prediction based on the explanation.",
        "User Feedback": "TRUE"
    },
    "8": {
        "Username": "vzn0025@auburn.edu",
        "Seed": "123",
        "Sample ID": "8",
        "Task": "Please make a decision to Accept/Reject the AI prediction based on the explanation.",
        "User Feedback": "TRUE"
    },
    "9": {
        "Username": "vzn0025@auburn.edu",
        "Seed": "123",
        "Sample ID": "9",
        "Task": "Please make a decision to Accept/Reject the AI prediction based on the explanation.",
        "User Feedback": "TRUE"
    }
}